Workbook

Sheet groupe
A1: ETU003244 | B1: Kiady
A2: ETU002647 | B2: Nalitiana

Sheet liste des taches
A1: Ligne | B1: Catégorie | C1: Module | D1: Page | E1: Description tâche | F1: Type | G1: Qui | H1: Estimation | I1: Temps passé | J1: Reste à faire | K1: Avancement
A2: 1 | B2: Backoffice | C2: Authentification Admin | D2: Login | E2: Page HTML login | F2: Affichage | G2: ETU003244 | H2: 8 | I2: =detail_avancement!B2 -> 8 | J2: =H2-I2 -> 0 | K2: =(I2/(I2+J2)) -> 1
A3: 2 | B3: Backoffice | C3: Authentification Admin | D3: Login | E3: Styling CSS login | F3: Metier | G3: ETU002647 | H3: 6 | I3: =detail_avancement!B3 -> 6 | J3: =H3-I3 -> 0 | K3: =(I3/(I3+J3)) -> 1
A4: 3 | B4: Backoffice | C4: Authentification Admin | D4: Login | E4: Fonction checkLogin | F4: Integration | G4: ETU002647 | H4: 8 | I4: =detail_avancement!B4 -> 8 | J4: =H4-I4 -> 0 | K4: =(I4/(I4+J4)) -> 1
A5: 4 | B5: Backoffice | C5: Authentification Admin | D5: Logout | E5: Fonction logout | F5: Integration | G5: ETU003244 | H5: 4 | I5: =detail_avancement!B5 -> 4 | J5: =H5-I5 -> 0 | K5: =(I5/(I5+J5)) -> 1
A6: 5 | B6: Backoffice | C6: Gestion Articles | D6: Article | E6: CRUD - Affichage liste | F6: Affichage | G6: ETU002647 | H6: 10 | I6: =detail_avancement!B6 -> 10 | J6: =H6-I6 -> 0 | K6: =(I6/(I6+J6)) -> 1
A7: 6 | B7: Backoffice | C7: Gestion Articles | D7: Article | E7: CRUD - Page créer | F7: Affichage | G7: ETU003244 | H7: 8 | I7: =detail_avancement!B7 -> 8 | J7: =H7-I7 -> 0 | K7: =(I7/(I7+J7)) -> 1
A8: 7 | B8: Backoffice | C8: Gestion Articles | D8: Article | E8: CRUD - Fonction créer | F8: Integration | G8: ETU002647 | H8: 10 | I8: =detail_avancement!B8 -> 10 | J8: =H8-I8 -> 0 | K8: =(I8/(I8+J8)) -> 1
A9: 8 | B9: Backoffice | C9: Gestion Articles | D9: Article | E9: CRUD - Page éditer | F9: Affichage | G9: ETU003244 | H9: 8 | I9: =detail_avancement!B9 -> 8 | J9: =H9-I9 -> 0 | K9: =(I9/(I9+J9)) -> 1
A10: 9 | B10: Backoffice | C10: Gestion Articles | D10: Article | E10: CRUD - Fonction éditer | F10: Integration | G10: ETU002647 | H10: 10 | I10: =detail_avancement!B10 -> 10 | J10: =H10-I10 -> 0 | K10: =(I10/(I10+J10)) -> 1
A11: 10 | B11: Backoffice | C11: Gestion Articles | D11: Article | E11: CRUD - Fonction supprimer | F11: Integration | G11: ETU002647 | H11: 5 | I11: =detail_avancement!B11 -> 6 | J11: =H11-I11 -> -1 | K11: =(I11/(I11+J11)) -> 1.2
A12: 11 | B12: Backoffice | C12: Gestion Articles | D12: Article | E12: Gestion Keywords | F12: Metier | G12: ETU003244 | H12: 12 | I12: =detail_avancement!B12 -> 15 | J12: =H12-I12 -> -3 | K12: =(I12/(I12+J12)) -> 1.25
A13: 12 | B13: Backoffice | C13: Gestion Articles | D13: Article | E13: Gestion Images | F13: Integration | G13: ETU002647 | H13: 15 | I13: =detail_avancement!B13 -> 8 | J13: =H13-I13 -> 7 | K13: =(I13/(I13+J13)) -> 0.53333333
... A39: 38 | B39: Tests | C39: Déploiement | D39: Docker | E39: Test déploiement complet | F39: Metier | G39: ETU003244 | H39: 6 | I39: =detail_avancement!B39 -> 8 | J39: =H39-I39 -> -2 | K39: =(I39/(I39+J39)) -> 1.3333333

Sheet Recap
A1: Résumé du Projet
A3: Total des tâches: | B3: 38
A4: Estimation totale (heures): | B4: =SUM('liste des taches'!H2:H39) -> 281
A5: Temps passé (heures): | B5: =SUM('liste des taches'!I2:I39) -> 279
A7: Avancement | B7: =avancement!D2 -> 0.99288256

Sheet detail_avancement
A1: Ligne | B1: Total | C1: 46111 | D1: 46112
A2: 1 | B2: =SUM(C2:D2) -> 8 | C2: 8
A3: 2 | B3: =SUM(C3:D3) -> 6 | D3: 6
A4: 3 | B4: =SUM(C4:D4) -> 8 | D4: 8
A5: 4 | B5: =SUM(C5:D5) -> 4 | C5: 4
A6: 5 | B6: =SUM(C6:D6) -> 10 | C6: 8 | D6: 2
A7: 6 | B7: =SUM(C7:D7) -> 8 | C7: 8
A8: 7 | B8: =SUM(C8:D8) -> 10 | C8: 10
A9: 8 | B9: =SUM(C9:D9) -> 8 | C9: 5 | D9: 3
A10: 9 | B10: =SUM(C10:D10) -> 10 | C10: 5 | D10: 5
A11: 10 | B11: =SUM(C11:D11) -> 6 | C11: 6
A12: 11 | B12: =SUM(C12:D12) -> 15 | C12: 15
A13: 12 | B13: =SUM(C13:D13) -> 8 | C13: 8
A14: 13 | B14: =SUM(C14:D14) -> 8 | C14: 8
A15: 14 | B15: =SUM(C15:D15) -> 8 | C15: 8
A16: 15 | B16: =SUM(C16:D16) -> 6 | D16: 6
A17: 16 | B17: =SUM(C17:D17) -> 8 | D17: 8
A18: 17 | B18: =SUM(C18:D18) -> 8 | D18: 8
A19: 18 | B19: =SUM(C19:D19) -> 8 | D19: 8
A20: 19 | B20: =SUM(C20:D20) -> 10 | C20: 10
A21: 20 | B21: =SUM(C21:D21) -> 8 | C21: 8
A22: 21 | B22: =SUM(C22:D22) -> 8 | C22: 8
A23: 22 | B23: =SUM(C23:D23) -> 6 | C23: 6
A24: 23 | B24: =SUM(C24:D24) -> 6 | C24: 6
A25: 24 | B25: =SUM(C25:D25) -> 8 | C25: 6 | D25: 2
A26: 25 | B26: =SUM(C26:D26) -> 10 | D26: 10
A27: 26 | B27: =SUM(C27:D27) -> 6 | C27: 4 | D27: 2
A28: 27 | B28: =SUM(C28:D28) -> 7 | C28: 4 | D28: 3
A29: 28 | B29: =SUM(C29:D29) -> 8 | C29: 4 | D29: 4
A30: 29 | B30: =SUM(C30:D30) -> 6 | D30: 6
A31: 30 | B31: =SUM(C31:D31) -> 6 | D31: 6
A32: 31 | B32: =SUM(C32:D32) -> 8 | C32: 4 | D32: 4
A33: 32 | B33: =SUM(C33:D33) -> 6 | C33: 6
A34: 33 | B34: =SUM(C34:D34) -> 4 | C34: 4
A35: 34 | B35: =SUM(C35:D35) -> 6 | C35: 6
A36: 35 | B36: =SUM(C36:D36) -> 4 | D36: 4
A37: 36 | B37: =SUM(C37:D37) -> 3 | D37: 3
A38: 37 | B38: =SUM(C38:D38) -> 4 | C38: 2 | D38: 2
A39: 38 | B39: =SUM(C39:D39) -> 8 | C39: 6 | D39: 2

Sheet avancement
A1: estimation total | B1: temps passé total | C1: reste à faire total | D1: avancement | E1: dépassement
A2: =SUM('liste des taches'!H:H) -> 281 | B2: =SUM('liste des taches'!I:I) -> 279 | C2: =SUM('liste des taches'!J:J) -> 2 | D2: =(B2/(B2+C2)) -> 0.99288256 | E2: =((B2+C2)-A2)/A2 -> 0
C3: =C2/60 -> 0.033333333 | D3: heure
